cont_id,cont_name,cont_phone,cont_email,cont_status,from_date,to_date,insert_datetime
0,Hannah Powers,0668 981 932,sed@aol.ca,no longer with business,0001-01-01,9999-01-01,2024-01-11 16:30:22.175821
1,Ryan Ellison,0744 458 566,malesuada.malesuada@yahoo.net,no longer with business,0001-01-01,2023-04-08,2024-01-11 16:30:22.175821
2,Hu Petty,0635 635 144,neque.morbi@outlook.com,active,0001-01-01,9999-01-01,2024-01-11 16:30:22.175821
3,Tate Bell,0765 379 475,ligula.donec.luctus@outlook.edu,active,0001-01-01,9999-01-01,2024-01-11 16:30:22.175821
4,Cassandra Terrell,0924 287 248,lorem@icloud.net,active,0001-01-01,2022-02-19,2024-01-11 16:30:22.175821
5,Flavia Solomon,0779 227 698,proin@icloud.org,no longer with business,0001-01-01,9999-01-01,2024-01-11 16:30:22.175821
6,Buckminster Atkins,0587 338 662,sed.facilisis@icloud.com,active,0001-01-01,9999-01-01,2024-01-11 16:30:22.175821
7,Aaron Goodman,0825 562 537,augue.ut@yahoo.couk,active,0001-01-01,9999-01-01,2024-01-11 16:30:22.175821
8,Lysandra Hopkins,0755 359 323,vel.mauris@hotmail.net,active,0001-01-01,9999-01-01,2024-01-11 16:30:22.175821
9,Kai James,0282 388 238,ipsum.sodales.purus@yahoo.net,no longer with business,0001-01-01,9999-01-01,2024-01-11 16:30:22.175821
10,Philip Wiley,0858 458 835,tempor.lorem@yahoo.ca,active,0001-01-01,9999-01-01,2024-01-11 16:30:22.175821
11,Alec Delaney,0314 577 568,vehicula.pellentesque.tincidunt@protonmail.net,active,0001-01-01,9999-01-01,2024-01-11 16:30:22.175821
12,Mira Lewis,0535 532 449,pharetra.nibh@protonmail.com,active,0001-01-01,2022-12-12,2024-01-11 16:30:22.175821
13,Zachery Webb,0757 456 277,eu.elit@google.ca,no longer with business,0001-01-01,2022-01-13,2024-01-11 16:30:22.175821
14,Lamar Munoz,0472 342 773,eget@yahoo.org,active,0001-01-01,2023-07-29,2024-01-11 16:30:22.175821
15,Brett Delgado,0297 436 673,ante@aol.net,active,0001-01-01,9999-01-01,2024-01-11 16:30:22.175821
16,Noelani Osborne,0839 474 452,aliquet.diam@aol.net,active,0001-01-01,2021-01-16,2024-01-11 16:30:22.175821
17,Chelsea Hancock,0139 186 342,lorem@aol.com,active,0001-01-01,9999-01-01,2024-01-11 16:30:22.175821
18,Wade Jacobson,0565 628 274,leo.elementum@yahoo.net,active,0001-01-01,9999-01-01,2024-01-11 16:30:22.175821
19,Tucker Carpenter,0377 263 478,sodales.at.velit@protonmail.edu,active,0001-01-01,9999-01-01,2024-01-11 16:30:22.175821
20,Noelani Olson,0728 278 354,malesuada@icloud.edu,active,0001-01-01,9999-01-01,2024-01-11 16:30:22.175821
21,Linus Brock,0732 795 728,ipsum@protonmail.edu,active,0001-01-01,9999-01-01,2024-01-11 16:30:22.175821
22,Neville Moon,0831 787 419,eleifend@google.edu,active,0001-01-01,9999-01-01,2024-01-11 16:30:22.175821
23,Tatiana Cooke,0437 777 356,et.nunc@google.net,active,0001-01-01,9999-01-01,2024-01-11 16:30:22.175821
24,Samantha Robbins,0831 647 465,sapien.aenean@icloud.com,no longer with business,0001-01-01,9999-01-01,2024-01-11 16:30:22.175821
25,Lois Rogers,0552 987 326,integer.vulputate@google.org,active,0001-01-01,9999-01-01,2024-01-11 16:30:22.175821
26,Omar Hall,0743 872 615,vulputate@yahoo.ca,active,0001-01-01,9999-01-01,2024-01-11 16:30:22.175821
27,Lacy Terrell,0284 655 579,id.ante.dictum@icloud.ca,active,0001-01-01,2021-11-04,2024-01-11 16:30:22.175821
28,Isaac Pittman,0932 464 622,curae.phasellus@icloud.couk,active,0001-01-01,9999-01-01,2024-01-11 16:30:22.175821
29,Russell Frye,0338 618 776,senectus@icloud.org,active,0001-01-01,9999-01-01,2024-01-11 16:30:22.175821
30,Keiko Dawson,0243 689 193,dictum@icloud.edu,no longer with business,0001-01-01,9999-01-01,2024-01-11 16:30:22.175821
31,Xenos Hobbs,0668 176 662,phasellus.vitae.mauris@yahoo.ca,no longer with business,0001-01-01,9999-01-01,2024-01-11 16:30:22.175821
32,Meredith Blair,0475 737 457,lacus.etiam.bibendum@protonmail.edu,active,0001-01-01,2022-10-27,2024-01-11 16:30:22.175821
33,Laith Powell,0834 295 835,orci.donec@yahoo.couk,active,0001-01-01,2020-04-25,2024-01-11 16:30:22.175821
34,Fleur Clarke,0184 472 555,nisi@aol.org,active,0001-01-01,9999-01-01,2024-01-11 16:30:22.175821
35,Whoopi Prince,0631 269 136,aliquet.libero@icloud.edu,active,0001-01-01,9999-01-01,2024-01-11 16:30:22.175821
36,Lev Frost,0995 343 526,maecenas.ornare@hotmail.com,active,0001-01-01,9999-01-01,2024-01-11 16:30:22.175821
37,Eaton Buckley,0625 426 774,sed.dui@aol.ca,active,0001-01-01,9999-01-01,2024-01-11 16:30:22.175821
38,Aurora Burks,0217 536 374,quam.pellentesque.habitant@yahoo.ca,no longer with business,0001-01-01,2023-01-04,2024-01-11 16:30:22.175821
39,Richard Steele,0723 916 754,nonummy.ac.feugiat@outlook.couk,active,0001-01-01,9999-01-01,2024-01-11 16:30:22.175821
40,Jaden Beasley,0135 448 456,donec.nibh@protonmail.org,active,0001-01-01,9999-01-01,2024-01-11 16:30:22.175821
41,Cameron Spence,0461 737 953,odio.semper.cursus@yahoo.org,active,0001-01-01,9999-01-01,2024-01-11 16:30:22.175821
42,Mark Santos,0766 831 834,pede.sagittis@aol.org,active,0001-01-01,9999-01-01,2024-01-11 16:30:22.175821
43,Carly Guy,0839 613 716,cursus.diam@icloud.edu,active,0001-01-01,2022-01-20,2024-01-11 16:30:22.175821
44,Jasper Alvarado,0748 724 616,vel.nisl@aol.edu,active,0001-01-01,9999-01-01,2024-01-11 16:30:22.175821
45,Hamilton Rollins,0346 484 452,enim@icloud.couk,active,0001-01-01,9999-01-01,2024-01-11 16:30:22.175821
46,Lee Patrick,0683 233 919,lorem@protonmail.org,active,0001-01-01,9999-01-01,2024-01-11 16:30:22.175821
47,Nasim York,0217 877 771,scelerisque@aol.com,no longer with business,0001-01-01,2023-09-27,2024-01-11 16:30:22.175821
48,Ila Horton,0559 457 448,ac.fermentum@outlook.net,active,0001-01-01,9999-01-01,2024-01-11 16:30:22.175821
49,Roth Ross,0332 356 333,fringilla.cursus.purus@yahoo.couk,no longer with business,0001-01-01,9999-01-01,2024-01-11 16:30:22.175821
50,Galvin Marshall,0672 483 645,eleifend.non@aol.com,active,0001-01-01,9999-01-01,2024-01-11 16:30:22.175821
51,Quentin Dorsey,0236 429 133,elit@hotmail.net,active,0001-01-01,9999-01-01,2024-01-11 16:30:22.175821
52,Winifred Gallegos,0742 262 974,mauris.morbi.non@icloud.edu,no longer with business,0001-01-01,9999-01-01,2024-01-11 16:30:22.175821
53,Samson Randolph,0477 591 648,semper@google.com,active,0001-01-01,9999-01-01,2024-01-11 16:30:22.175821
54,Jerome Medina,0425 884 747,dictum.sapien@yahoo.org,no longer with business,0001-01-01,9999-01-01,2024-01-11 16:30:22.175821
55,Ursula Guerrero,0965 345 727,magnis@hotmail.net,active,0001-01-01,9999-01-01,2024-01-11 16:30:22.175821
56,Abigail Watson,0972 775 237,iaculis@outlook.com,active,0001-01-01,9999-01-01,2024-01-11 16:30:22.175821
57,Plato Oneal,0765 376 676,at@icloud.edu,active,0001-01-01,9999-01-01,2024-01-11 16:30:22.175821
58,Illana Simmons,0274 768 363,pellentesque.habitant@aol.net,active,0001-01-01,9999-01-01,2024-01-11 16:30:22.175821
59,Wynne Knox,0617 558 342,natoque.penatibus@icloud.org,active,0001-01-01,9999-01-01,2024-01-11 16:30:22.175821
60,Camille Camacho,0585 132 744,mauris@icloud.edu,active,0001-01-01,9999-01-01,2024-01-11 16:30:22.175821
61,Julie Salinas,0655 317 738,orci.tincidunt.adipiscing@protonmail.net,active,0001-01-01,2022-10-07,2024-01-11 16:30:22.175821
62,Veda Mendoza,0584 534 785,elit.nulla@google.ca,active,0001-01-01,2021-08-15,2024-01-11 16:30:22.175821
63,Britanney Roy,0929 634 699,nec.imperdiet@protonmail.ca,active,0001-01-01,9999-01-01,2024-01-11 16:30:22.175821
64,Abdul Black,0728 563 586,ultricies.adipiscing@protonmail.net,active,0001-01-01,9999-01-01,2024-01-11 16:30:22.175821
65,Zelda Peck,0187 329 363,lacinia@icloud.org,active,0001-01-01,9999-01-01,2024-01-11 16:30:22.175821
66,Amity Harrell,0221 738 524,sociis@protonmail.org,active,0001-01-01,2021-12-14,2024-01-11 16:30:22.175821
67,Kimberly Aguilar,0721 369 636,nec.luctus.felis@protonmail.net,no longer with business,0001-01-01,9999-01-01,2024-01-11 16:30:22.175821
68,Yoko Valencia,0642 542 228,neque@icloud.net,active,0001-01-01,2023-01-26,2024-01-11 16:30:22.175821
69,Bruno English,0733 256 973,risus@icloud.com,active,0001-01-01,9999-01-01,2024-01-11 16:30:22.175821
70,Emerson Fernandez,0833 549 586,tempor.lorem.eget@google.edu,active,0001-01-01,9999-01-01,2024-01-11 16:30:22.175821
71,Zena Garner,0487 846 777,quis.massa.mauris@aol.ca,active,0001-01-01,9999-01-01,2024-01-11 16:30:22.175821
72,James Porter,0266 468 881,curae.phasellus@aol.couk,active,0001-01-01,2022-03-07,2024-01-11 16:30:22.175821
73,Courtney Koch,0763 498 778,diam.proin@yahoo.edu,active,0001-01-01,9999-01-01,2024-01-11 16:30:22.175821
74,Maya Steele,0448 242 679,magnis@google.edu,active,0001-01-01,9999-01-01,2024-01-11 16:30:22.175821
75,Karen Alvarado,0536 655 457,euismod.enim.etiam@icloud.couk,active,0001-01-01,9999-01-01,2024-01-11 16:30:22.175821
76,Hakeem Flynn,0221 925 527,rhoncus.nullam@protonmail.org,active,0001-01-01,9999-01-01,2024-01-11 16:30:22.175821
77,Demetrius Nolan,0859 338 474,donec.elementum.lorem@outlook.net,active,0001-01-01,9999-01-01,2024-01-11 16:30:22.175821
78,Jack Hancock,0626 377 982,donec.est@aol.net,active,0001-01-01,9999-01-01,2024-01-11 16:30:22.175821
79,Hedy David,0224 537 236,nunc.in@icloud.ca,active,0001-01-01,9999-01-01,2024-01-11 16:30:22.175821
80,Logan Reid,0445 241 566,vel@aol.ca,active,0001-01-01,9999-01-01,2024-01-11 16:30:22.175821
81,Jackson Lang,0244 735 757,vivamus.nisi.mauris@protonmail.couk,active,0001-01-01,9999-01-01,2024-01-11 16:30:22.175821
82,Linda Best,0457 793 168,ac@yahoo.com,active,0001-01-01,9999-01-01,2024-01-11 16:30:22.175821
83,Ramona Martin,0671 836 485,imperdiet.ornare@yahoo.ca,active,0001-01-01,9999-01-01,2024-01-11 16:30:22.175821
84,Jemima Frank,0272 843 767,et@icloud.couk,active,0001-01-01,2023-10-13,2024-01-11 16:30:22.175821
85,Damian Moon,0262 843 893,cras.sed@yahoo.org,active,0001-01-01,9999-01-01,2024-01-11 16:30:22.175821
86,Amber Roy,0568 768 472,dapibus.quam@yahoo.ca,active,0001-01-01,2020-07-24,2024-01-11 16:30:22.175821
87,Hanae Gardner,0728 938 422,nisi.aenean@aol.couk,active,0001-01-01,9999-01-01,2024-01-11 16:30:22.175821
88,Colton Potts,0735 238 793,integer.id@yahoo.com,no longer with business,0001-01-01,9999-01-01,2024-01-11 16:30:22.175821
89,Ashely Pearson,0754 822 927,libero.dui@protonmail.net,active,0001-01-01,2022-09-22,2024-01-11 16:30:22.175821
90,Timon Mcclure,0783 388 147,diam@google.couk,active,0001-01-01,9999-01-01,2024-01-11 16:30:22.175821
91,Rowan Wood,0473 152 288,non.cursus@yahoo.edu,active,0001-01-01,9999-01-01,2024-01-11 16:30:22.175821
92,Solomon Hodge,0661 998 758,et@hotmail.edu,active,0001-01-01,9999-01-01,2024-01-11 16:30:22.175821
93,Basia Rasmussen,0459 131 586,at@yahoo.org,active,0001-01-01,9999-01-01,2024-01-11 16:30:22.175821
94,Rebecca Banks,0829 754 842,ante@outlook.com,active,0001-01-01,2020-05-13,2024-01-11 16:30:22.175821
95,Alvin Shaw,0765 815 888,lobortis.quam@protonmail.com,active,0001-01-01,9999-01-01,2024-01-11 16:30:22.175821
96,Brennan Wooten,0995 862 542,non.bibendum.sed@aol.com,active,0001-01-01,9999-01-01,2024-01-11 16:30:22.175821
97,Kane Brooks,0976 723 369,vitae.diam@aol.com,active,0001-01-01,9999-01-01,2024-01-11 16:30:22.175821
98,Nadine Hartman,0536 643 773,risus@protonmail.ca,active,0001-01-01,9999-01-01,2024-01-11 16:30:22.175821
99,Iris Shannon,0772 937 533,elit.pharetra@google.edu,active,0001-01-01,9999-01-01,2024-01-11 16:30:22.175821
100,Porter Allen,0554 348 251,sem@aol.net,active,0001-01-01,9999-01-01,2024-01-11 16:30:22.175821
101,Cassady Callahan,0918 676 383,aliquam.auctor@google.org,active,0001-01-01,9999-01-01,2024-01-11 16:30:22.175821
102,Murphy Mcclure,0476 378 963,magna.lorem@yahoo.com,active,0001-01-01,9999-01-01,2024-01-11 16:30:22.175821
103,Bruno Ross,0477 253 359,massa.integer@google.com,active,0001-01-01,9999-01-01,2024-01-11 16:30:22.175821
104,Benedict Avery,0482 341 653,semper@google.ca,no longer with business,0001-01-01,9999-01-01,2024-01-11 16:30:22.175821
105,Camilla Page,0644 588 763,eu.sem.pellentesque@outlook.org,no longer with business,0001-01-01,9999-01-01,2024-01-11 16:30:22.175821
106,Rhiannon Mcbride,0752 254 466,nibh@protonmail.com,active,0001-01-01,2022-10-03,2024-01-11 16:30:22.175821
107,Riley Smith,0287 887 427,et@hotmail.edu,active,0001-01-01,2020-05-23,2024-01-11 16:30:22.175821
108,Jada Garner,0572 638 277,felis@outlook.couk,no longer with business,0001-01-01,2020-09-19,2024-01-11 16:30:22.175821
109,Graham Goodwin,0457 867 632,sit.amet.risus@yahoo.edu,active,0001-01-01,9999-01-01,2024-01-11 16:30:22.175821
110,Herman Mcdaniel,0478 427 248,et.commodo@google.ca,active,0001-01-01,9999-01-01,2024-01-11 16:30:22.175821
111,William Mitchell,0359 858 977,commodo.hendrerit@hotmail.edu,active,0001-01-01,2021-05-07,2024-01-11 16:30:22.175821
112,Wayne Strickland,0869 928 559,dignissim.maecenas@icloud.ca,active,0001-01-01,9999-01-01,2024-01-11 16:30:22.175821
113,Autumn Cooley,0524 938 327,quam.curabitur.vel@hotmail.net,active,0001-01-01,9999-01-01,2024-01-11 16:30:22.175821
114,Gray Carver,0345 968 743,ante.nunc.mauris@icloud.org,no longer with business,0001-01-01,9999-01-01,2024-01-11 16:30:22.175821
115,Kamal Waller,0725 176 688,vel.arcu@yahoo.edu,active,0001-01-01,9999-01-01,2024-01-11 16:30:22.175821
116,Cole Cotton,0373 172 344,nunc.nulla@outlook.org,no longer with business,0001-01-01,9999-01-01,2024-01-11 16:30:22.175821
117,Arthur Noble,0555 265 337,justo.proin.non@icloud.couk,active,0001-01-01,9999-01-01,2024-01-11 16:30:22.175821
118,Tatyana Neal,0735 285 118,magna.suspendisse@yahoo.net,active,0001-01-01,9999-01-01,2024-01-11 16:30:22.175821
119,Stone Sharp,0778 314 847,posuere.enim@icloud.org,active,0001-01-01,2021-02-16,2024-01-11 16:30:22.175821
120,Lamar Wilder,0937 664 841,proin.non.massa@hotmail.net,no longer with business,0001-01-01,9999-01-01,2024-01-11 16:30:22.175821
121,Emerson Burt,0513 729 568,hendrerit@protonmail.org,no longer with business,0001-01-01,9999-01-01,2024-01-11 16:30:22.175821
122,Lani Parks,0318 382 671,gravida.sit@google.net,no longer with business,0001-01-01,9999-01-01,2024-01-11 16:30:22.175821
123,Sawyer Montoya,0387 254 947,adipiscing.lacus@aol.org,active,0001-01-01,9999-01-01,2024-01-11 16:30:22.175821
124,Keaton Norton,0339 477 922,sit.amet@aol.ca,no longer with business,0001-01-01,2021-09-06,2024-01-11 16:30:22.175821
125,Jin Simpson,0665 777 797,sagittis.duis@icloud.edu,active,0001-01-01,9999-01-01,2024-01-11 16:30:22.175821
126,Celeste Griffin,0382 726 239,odio@icloud.ca,active,0001-01-01,9999-01-01,2024-01-11 16:30:22.175821
127,Lacey Strong,0482 654 794,sed.leo@google.net,active,0001-01-01,2020-08-04,2024-01-11 16:30:22.175821
128,Hasad Stephens,0851 359 987,nisl.nulla.eu@hotmail.org,active,0001-01-01,9999-01-01,2024-01-11 16:30:22.175821
129,Conan Stewart,0544 315 796,nunc.pulvinar@outlook.edu,active,0001-01-01,9999-01-01,2024-01-11 16:30:22.175821
130,Felix Carver,0162 253 527,mi.duis@protonmail.ca,active,0001-01-01,9999-01-01,2024-01-11 16:30:22.175821
131,Steel Thomas,0535 862 262,nec.tempus@protonmail.com,active,0001-01-01,9999-01-01,2024-01-11 16:30:22.175821
132,Bradley Merritt,0191 634 121,eget.metus@google.edu,no longer with business,0001-01-01,9999-01-01,2024-01-11 16:30:22.175821
133,Suki Glover,0656 937 128,egestas.fusce@protonmail.couk,active,0001-01-01,2021-11-24,2024-01-11 16:30:22.175821
134,Steven Benton,0864 682 373,dolor.egestas.rhoncus@outlook.edu,active,0001-01-01,9999-01-01,2024-01-11 16:30:22.175821
135,Sonya Mcintosh,0862 724 254,ullamcorper@protonmail.net,active,0001-01-01,9999-01-01,2024-01-11 16:30:22.175821
136,Reece Britt,0746 752 994,sapien@aol.couk,active,0001-01-01,2023-08-01,2024-01-11 16:30:22.175821
137,Jameson Dunlap,0826 772 557,dui.cum.sociis@outlook.edu,no longer with business,0001-01-01,9999-01-01,2024-01-11 16:30:22.175821
138,Kiayada Vang,0723 672 757,mattis@aol.org,active,0001-01-01,2020-11-19,2024-01-11 16:30:22.175821
139,Dai Mayer,0232 347 943,gravida.non@hotmail.org,no longer with business,0001-01-01,9999-01-01,2024-01-11 16:30:22.175821
140,Alfonso Stevenson,0818 772 895,sem.pellentesque@aol.org,active,0001-01-01,9999-01-01,2024-01-11 16:30:22.175821
141,Kiona Shepherd,0846 742 844,morbi.neque@hotmail.org,active,0001-01-01,9999-01-01,2024-01-11 16:30:22.175821
142,Shannon Small,0896 358 527,ut.semper@hotmail.net,no longer with business,0001-01-01,9999-01-01,2024-01-11 16:30:22.175821
143,Todd Morris,0183 541 763,lacus.quisque.imperdiet@protonmail.couk,active,0001-01-01,9999-01-01,2024-01-11 16:30:22.175821
144,Travis Merrill,0213 481 644,lacus.etiam@outlook.org,no longer with business,0001-01-01,9999-01-01,2024-01-11 16:30:22.175821
145,Lacy Nunez,0618 817 773,turpis.aliquam@hotmail.org,no longer with business,0001-01-01,9999-01-01,2024-01-11 16:30:22.175821
146,Cassandra Gates,0171 784 395,accumsan.laoreet@outlook.org,no longer with business,0001-01-01,9999-01-01,2024-01-11 16:30:22.175821
147,Harlan Lambert,0826 626 517,lectus.cum.sociis@protonmail.couk,active,0001-01-01,9999-01-01,2024-01-11 16:30:22.175821
148,Raphael English,0155 927 877,magna@outlook.ca,no longer with business,0001-01-01,9999-01-01,2024-01-11 16:30:22.175821
149,Edan Sanders,0954 678 823,dui.nec@hotmail.couk,active,0001-01-01,9999-01-01,2024-01-11 16:30:22.175821
150,Maggie Perez,0784 164 138,gravida.non@aol.ca,active,0001-01-01,9999-01-01,2024-01-11 16:30:22.175821
151,Alana Kirkland,0834 696 453,luctus.aliquet@icloud.ca,active,0001-01-01,9999-01-01,2024-01-11 16:30:22.175821
152,Rebekah Kidd,0138 343 766,quisque.imperdiet@aol.couk,active,0001-01-01,2023-01-13,2024-01-11 16:30:22.175821
153,Ishmael French,0851 275 958,vel@aol.org,no longer with business,0001-01-01,9999-01-01,2024-01-11 16:30:22.175821
154,Tamekah Hendricks,0182 623 137,lacus.etiam@yahoo.ca,active,0001-01-01,9999-01-01,2024-01-11 16:30:22.175821
155,Velma Kim,0534 736 874,nam.nulla@protonmail.couk,no longer with business,0001-01-01,2021-03-15,2024-01-11 16:30:22.175821
156,Gabriel Hurley,0427 775 539,sed@hotmail.com,no longer with business,0001-01-01,9999-01-01,2024-01-11 16:30:22.175821
157,Brennan Hensley,0159 222 866,nec.quam.curabitur@yahoo.edu,active,0001-01-01,2022-01-26,2024-01-11 16:30:22.175821
158,Dane Bowers,0172 791 676,mattis.semper.dui@outlook.com,active,0001-01-01,9999-01-01,2024-01-11 16:30:22.175821
159,Germaine Peck,0524 768 175,at@protonmail.com,active,0001-01-01,9999-01-01,2024-01-11 16:30:22.175821
160,Moses Hicks,0264 269 457,cursus.vestibulum@google.couk,active,0001-01-01,9999-01-01,2024-01-11 16:30:22.175821
161,Colby Zamora,0679 567 155,mi@hotmail.couk,active,0001-01-01,9999-01-01,2024-01-11 16:30:22.175821
162,Avye Beard,0574 453 914,mollis.nec.cursus@aol.edu,active,0001-01-01,2020-07-09,2024-01-11 16:30:22.175821
163,Ezekiel Hays,0723 383 834,quis@protonmail.couk,active,0001-01-01,9999-01-01,2024-01-11 16:30:22.175821
164,Hillary Weber,0884 534 239,eu.metus@hotmail.com,active,0001-01-01,2022-10-09,2024-01-11 16:30:22.175821
165,Francis Mathis,0253 424 832,donec.consectetuer.mauris@aol.org,no longer with business,0001-01-01,9999-01-01,2024-01-11 16:30:22.175821
166,Perry Hudson,0959 766 123,montes@hotmail.org,active,0001-01-01,2022-11-04,2024-01-11 16:30:22.175821
167,Maryam Montoya,0551 475 155,dui.quis@protonmail.couk,active,0001-01-01,9999-01-01,2024-01-11 16:30:22.175821
168,Lillith William,0737 715 544,scelerisque@hotmail.edu,active,0001-01-01,9999-01-01,2024-01-11 16:30:22.175821
169,Forrest Brock,0166 942 472,integer.eu@hotmail.com,no longer with business,0001-01-01,2023-05-14,2024-01-11 16:30:22.175821
170,Paki Alvarado,0758 477 637,dui@hotmail.couk,active,0001-01-01,9999-01-01,2024-01-11 16:30:22.175821
171,Jordan Bender,0533 324 241,mauris.ut@protonmail.couk,active,0001-01-01,9999-01-01,2024-01-11 16:30:22.175821
172,Dustin Byers,0832 197 833,laoreet.ipsum.curabitur@yahoo.org,active,0001-01-01,2021-05-31,2024-01-11 16:30:22.175821
173,Stone Mcgee,0729 548 947,sit.amet@yahoo.edu,active,0001-01-01,9999-01-01,2024-01-11 16:30:22.175821
174,Devin Kidd,0385 615 678,a.mi@google.net,active,0001-01-01,2022-10-24,2024-01-11 16:30:22.175821
175,Carl Mcbride,0567 918 824,lectus@outlook.net,active,0001-01-01,9999-01-01,2024-01-11 16:30:22.175821
176,Colby Simpson,0172 824 646,magna.a@icloud.net,active,0001-01-01,9999-01-01,2024-01-11 16:30:22.175821
177,Gloria Kemp,0647 843 248,ornare.fusce@aol.org,active,0001-01-01,9999-01-01,2024-01-11 16:30:22.175821
178,Craig Beck,0666 857 292,ultrices.mauris.ipsum@google.org,active,0001-01-01,9999-01-01,2024-01-11 16:30:22.175821
179,Ginger Mcneil,0515 313 736,vitae.odio@hotmail.edu,active,0001-01-01,9999-01-01,2024-01-11 16:30:22.175821
180,Evelyn Hensley,0388 247 869,egestas.duis.ac@hotmail.org,no longer with business,0001-01-01,9999-01-01,2024-01-11 16:30:22.175821
181,Shaine Salas,0535 747 432,malesuada.fames@outlook.org,active,0001-01-01,9999-01-01,2024-01-11 16:30:22.175821
182,Nicholas Hansen,0679 592 477,dis.parturient@aol.edu,active,0001-01-01,9999-01-01,2024-01-11 16:30:22.175821
183,Hayley Garner,0731 824 264,ornare@outlook.net,active,0001-01-01,9999-01-01,2024-01-11 16:30:22.175821
184,Maxwell Payne,0347 823 973,nunc.laoreet@outlook.edu,active,0001-01-01,9999-01-01,2024-01-11 16:30:22.175821
185,Cally Delgado,0932 952 827,a.ultricies.adipiscing@aol.edu,active,0001-01-01,9999-01-01,2024-01-11 16:30:22.175821
186,Kasimir Shaw,0735 573 366,neque.morbi.quis@icloud.org,active,0001-01-01,2020-01-13,2024-01-11 16:30:22.175821
187,Otto Beck,0187 275 654,nec.tempus@google.couk,active,0001-01-01,9999-01-01,2024-01-11 16:30:22.175821
188,Echo Smith,0289 247 464,lorem@google.ca,active,0001-01-01,9999-01-01,2024-01-11 16:30:22.175821
189,Nayda Valenzuela,0415 971 774,ultricies.ornare.elit@icloud.com,no longer with business,0001-01-01,2023-05-30,2024-01-11 16:30:22.175821
190,Phillip Stanton,0823 893 838,nunc@hotmail.org,no longer with business,0001-01-01,2021-09-29,2024-01-11 16:30:22.175821
191,Julian Duffy,0438 776 496,ut.tincidunt.vehicula@aol.edu,active,0001-01-01,9999-01-01,2024-01-11 16:30:22.175821
192,Abdul Flores,0472 482 552,congue.elit@protonmail.edu,active,0001-01-01,9999-01-01,2024-01-11 16:30:22.175821
193,Abdul Flowers,0728 685 366,nunc.sed.libero@hotmail.couk,active,0001-01-01,9999-01-01,2024-01-11 16:30:22.175821
194,Madaline Porter,0638 322 855,felis.purus@yahoo.org,active,0001-01-01,9999-01-01,2024-01-11 16:30:22.175821
195,Ocean Kirkland,0381 822 527,ultricies.ornare@yahoo.edu,active,0001-01-01,9999-01-01,2024-01-11 16:30:22.175821
196,Ezekiel Snyder,0827 483 766,justo@protonmail.edu,active,0001-01-01,9999-01-01,2024-01-11 16:30:22.175821
197,Ahmed Quinn,0254 378 975,nibh@protonmail.edu,active,0001-01-01,9999-01-01,2024-01-11 16:30:22.175821
198,Vera Stuart,0451 958 712,cursus.luctus@aol.couk,active,0001-01-01,9999-01-01,2024-01-11 16:30:22.175821
199,Judah Green,0856 491 698,ut@protonmail.org,active,0001-01-01,9999-01-01,2024-01-11 16:30:22.175821
200,Pandora Pearson,0167 279 746,egestas.sed.pharetra@aol.couk,active,0001-01-01,9999-01-01,2024-01-11 16:30:22.175821
201,Maile Reeves,0644 633 427,ac.risus.morbi@google.net,active,0001-01-01,9999-01-01,2024-01-11 16:30:22.175821
202,Phelan Pittman,0473 298 345,neque.et@icloud.net,active,0001-01-01,9999-01-01,2024-01-11 16:30:22.175821
203,Berk Doyle,0723 383 547,eu.nulla@icloud.edu,active,0001-01-01,9999-01-01,2024-01-11 16:30:22.175821
204,Deborah Fischer,0382 324 937,eros.proin@protonmail.net,active,0001-01-01,2021-12-22,2024-01-11 16:30:22.175821
205,Stewart Thornton,0736 472 973,luctus@outlook.com,active,0001-01-01,9999-01-01,2024-01-11 16:30:22.175821
206,Blythe Jarvis,0784 554 248,dis.parturient@outlook.edu,active,0001-01-01,9999-01-01,2024-01-11 16:30:22.175821
207,Ursa Beck,0238 769 114,posuere.vulputate.lacus@aol.ca,active,0001-01-01,9999-01-01,2024-01-11 16:30:22.175821
208,Demetrius Hartman,0482 598 977,dolor@hotmail.net,active,0001-01-01,9999-01-01,2024-01-11 16:30:22.175821
209,Cecilia Welch,0868 652 736,vestibulum@protonmail.com,no longer with business,0001-01-01,9999-01-01,2024-01-11 16:30:22.175821
210,Aquila Calhoun,0459 857 354,amet.luctus@google.net,active,0001-01-01,9999-01-01,2024-01-11 16:30:22.175821
211,Drew Hart,0552 211 872,nulla.ante.iaculis@icloud.org,active,0001-01-01,9999-01-01,2024-01-11 16:30:22.175821
212,Hamish Strickland,0125 249 787,diam.luctus@protonmail.edu,no longer with business,0001-01-01,9999-01-01,2024-01-11 16:30:22.175821
213,Macey Moreno,0264 853 413,magnis.dis@icloud.org,no longer with business,0001-01-01,2021-09-06,2024-01-11 16:30:22.175821
214,Erin Grant,0378 592 749,nunc.in.at@protonmail.com,no longer with business,0001-01-01,9999-01-01,2024-01-11 16:30:22.175821
215,Jermaine Brooks,0921 336 865,amet@outlook.ca,active,0001-01-01,2022-08-30,2024-01-11 16:30:22.175821
216,Jacqueline Long,0215 552 667,vitae.posuere@aol.net,active,0001-01-01,2021-08-16,2024-01-11 16:30:22.175821
217,Noel Anderson,0331 767 958,nulla@aol.org,active,0001-01-01,9999-01-01,2024-01-11 16:30:22.175821
218,Breanna Pate,0436 846 312,dui.fusce@google.org,active,0001-01-01,9999-01-01,2024-01-11 16:30:22.175821
219,Nasim Harris,0356 733 315,neque.non@aol.com,active,0001-01-01,9999-01-01,2024-01-11 16:30:22.175821
220,Kessie Small,0388 555 433,rhoncus@outlook.net,active,0001-01-01,9999-01-01,2024-01-11 16:30:22.175821
221,Maya Hardy,0617 747 156,velit.egestas@google.ca,no longer with business,0001-01-01,9999-01-01,2024-01-11 16:30:22.175821
222,Murphy Aguirre,0185 887 565,nulla.eu.neque@icloud.net,no longer with business,0001-01-01,9999-01-01,2024-01-11 16:30:22.175821
223,Tyrone Craig,0725 915 523,in.nec@protonmail.ca,active,0001-01-01,9999-01-01,2024-01-11 16:30:22.175821
224,Violet Santiago,0421 783 281,lobortis.class@hotmail.edu,no longer with business,0001-01-01,2022-03-22,2024-01-11 16:30:22.175821
225,Rachel Faulkner,0942 154 797,nisi.sem@outlook.net,active,0001-01-01,9999-01-01,2024-01-11 16:30:22.175821
226,Elaine Banks,0786 164 396,aliquam.ultrices@outlook.couk,active,0001-01-01,9999-01-01,2024-01-11 16:30:22.175821
227,Vivian Robinson,0426 867 677,molestie.orci@google.org,active,0001-01-01,9999-01-01,2024-01-11 16:30:22.175821
228,Cullen Riggs,0862 466 448,sit@outlook.com,active,0001-01-01,9999-01-01,2024-01-11 16:30:22.175821
229,Phelan Hill,0532 624 314,aliquam@aol.edu,active,0001-01-01,9999-01-01,2024-01-11 16:30:22.175821
230,Elton Berg,0652 291 687,egestas@outlook.com,active,0001-01-01,9999-01-01,2024-01-11 16:30:22.175821
231,Hamilton Fuller,0762 483 584,sed.pharetra@aol.ca,active,0001-01-01,9999-01-01,2024-01-11 16:30:22.175821
232,Sydney Alston,0762 447 695,libero@aol.net,active,0001-01-01,9999-01-01,2024-01-11 16:30:22.175821
233,Ciara Armstrong,0572 322 739,eu@protonmail.edu,no longer with business,0001-01-01,9999-01-01,2024-01-11 16:30:22.175821
234,Brady Stanton,0385 811 484,sed.dui.fusce@hotmail.edu,active,0001-01-01,2020-03-14,2024-01-11 16:30:22.175821
235,Molly Chase,0123 846 536,vel.mauris.integer@google.ca,active,0001-01-01,9999-01-01,2024-01-11 16:30:22.175821
236,Jakeem Emerson,0334 526 652,morbi.neque.tellus@protonmail.edu,no longer with business,0001-01-01,2022-04-14,2024-01-11 16:30:22.175821
237,Whitney Galloway,0136 258 961,lacinia.mattis@aol.edu,active,0001-01-01,9999-01-01,2024-01-11 16:30:22.175821
238,Barrett Craft,0635 723 797,lorem.donec.elementum@aol.com,active,0001-01-01,9999-01-01,2024-01-11 16:30:22.175821
239,Luke Oneal,0858 335 839,nunc.sed@hotmail.org,no longer with business,0001-01-01,9999-01-01,2024-01-11 16:30:22.175821
240,Hedy Nixon,0947 817 957,imperdiet@protonmail.ca,active,0001-01-01,9999-01-01,2024-01-11 16:30:22.175821
241,Keiko Thornton,0267 388 341,massa.suspendisse@google.couk,no longer with business,0001-01-01,9999-01-01,2024-01-11 16:30:22.175821
242,Garrison Kirby,0227 746 881,mollis.dui@aol.net,active,0001-01-01,9999-01-01,2024-01-11 16:30:22.175821
243,Adam Rocha,0551 933 489,lacus.cras.interdum@icloud.net,no longer with business,0001-01-01,9999-01-01,2024-01-11 16:30:22.175821
244,Clayton Goodwin,0658 148 733,aliquam.ornare@aol.org,active,0001-01-01,9999-01-01,2024-01-11 16:30:22.175821
245,Anthony Daugherty,0654 966 164,adipiscing@hotmail.com,active,0001-01-01,2022-07-02,2024-01-11 16:30:22.175821
246,Phyllis Cash,0948 531 968,morbi.accumsan@yahoo.org,active,0001-01-01,9999-01-01,2024-01-11 16:30:22.175821
247,Teegan Melton,0463 721 224,placerat.velit@yahoo.net,active,0001-01-01,9999-01-01,2024-01-11 16:30:22.175821
248,Mariam Carpenter,0314 721 374,tempus@aol.com,active,0001-01-01,2020-02-07,2024-01-11 16:30:22.175821
249,Naida Griffith,0716 496 337,enim.curabitur.massa@hotmail.net,active,0001-01-01,9999-01-01,2024-01-11 16:30:22.175821
250,Chadwick Jensen,0845 928 592,magna@outlook.edu,active,0001-01-01,2022-04-03,2024-01-11 16:30:22.175821
251,Armando Ball,0543 582 566,arcu@aol.ca,active,0001-01-01,9999-01-01,2024-01-11 16:30:22.175821
252,Sawyer Carney,0285 497 863,nisi.magna.sed@yahoo.org,active,0001-01-01,2022-09-15,2024-01-11 16:30:22.175821
253,Neville Santos,0444 665 864,arcu.sed@protonmail.net,active,0001-01-01,9999-01-01,2024-01-11 16:30:22.175821
254,Knox Delaney,0613 323 476,lectus@google.com,active,0001-01-01,9999-01-01,2024-01-11 16:30:22.175821
255,Hu Mendez,0672 871 746,non.sollicitudin@outlook.com,active,0001-01-01,9999-01-01,2024-01-11 16:30:22.175821
256,Ishmael Morse,0443 334 691,ut@yahoo.ca,active,0001-01-01,2022-08-17,2024-01-11 16:30:22.175821
257,Erica Callahan,0445 717 288,faucibus@hotmail.org,active,0001-01-01,9999-01-01,2024-01-11 16:30:22.175821
258,Macey O'donnell,0574 245 254,in.condimentum@outlook.com,active,0001-01-01,9999-01-01,2024-01-11 16:30:22.175821
259,Victor Stewart,0782 616 588,adipiscing@outlook.couk,active,0001-01-01,9999-01-01,2024-01-11 16:30:22.175821
260,Alec Conner,0224 124 951,eleifend.nec@aol.ca,active,0001-01-01,2022-12-02,2024-01-11 16:30:22.175821
261,Cadman Holder,0644 813 779,hendrerit@google.com,no longer with business,0001-01-01,9999-01-01,2024-01-11 16:30:22.175821
262,Lucy Hampton,0996 949 482,augue.ac@icloud.edu,active,0001-01-01,9999-01-01,2024-01-11 16:30:22.175821
263,Nero Wade,0544 649 682,sodales.mauris.blandit@icloud.org,active,0001-01-01,9999-01-01,2024-01-11 16:30:22.175821
264,Nathaniel Harding,0463 458 767,gravida.aliquam@icloud.org,no longer with business,0001-01-01,2022-03-10,2024-01-11 16:30:22.175821
265,Sonya Schroeder,0882 576 173,amet@google.ca,no longer with business,0001-01-01,2021-03-05,2024-01-11 16:30:22.175821
266,Grant Huber,0878 888 558,et.ipsum.cursus@icloud.ca,active,0001-01-01,9999-01-01,2024-01-11 16:30:22.175821
267,Aphrodite Stark,0855 261 179,rutrum.urna@yahoo.couk,active,0001-01-01,2023-01-19,2024-01-11 16:30:22.175821
268,Kamal Boyer,0864 818 248,sed.dictum.eleifend@aol.ca,active,0001-01-01,2023-02-25,2024-01-11 16:30:22.175821
269,Breanna Spears,0527 572 167,sagittis.nullam@icloud.net,no longer with business,0001-01-01,9999-01-01,2024-01-11 16:30:22.175821
270,Claire Gomez,0845 578 783,a@aol.org,active,0001-01-01,9999-01-01,2024-01-11 16:30:22.175821
271,Karina Brock,0732 353 253,nulla@protonmail.net,active,0001-01-01,9999-01-01,2024-01-11 16:30:22.175821
272,Byron Mason,0452 758 549,adipiscing.non@google.couk,active,0001-01-01,9999-01-01,2024-01-11 16:30:22.175821
273,Hillary Albert,0215 652 487,dolor.quisque@aol.couk,active,0001-01-01,9999-01-01,2024-01-11 16:30:22.175821
274,Demetria Frazier,0547 659 397,lacinia.at.iaculis@yahoo.edu,active,0001-01-01,9999-01-01,2024-01-11 16:30:22.175821
275,Benedict Roy,0265 818 389,mollis.non.cursus@protonmail.net,no longer with business,0001-01-01,9999-01-01,2024-01-11 16:30:22.175821
276,Dolan Shaw,0923 142 438,vestibulum.neque@outlook.ca,active,0001-01-01,2021-12-22,2024-01-11 16:30:22.175821
277,Maggie Donovan,0414 716 361,malesuada.fames.ac@icloud.org,active,0001-01-01,9999-01-01,2024-01-11 16:30:22.175821
278,Pascale Cruz,0233 773 354,venenatis.a@hotmail.ca,active,0001-01-01,2023-09-02,2024-01-11 16:30:22.175821
279,Ferris Baker,0543 638 126,ac.urna.ut@yahoo.org,active,0001-01-01,2021-08-29,2024-01-11 16:30:22.175821
280,Shay Ewing,0425 728 533,scelerisque.sed@google.ca,active,0001-01-01,2020-02-03,2024-01-11 16:30:22.175821
281,Buckminster Pace,0436 328 396,cras@outlook.couk,no longer with business,0001-01-01,9999-01-01,2024-01-11 16:30:22.175821
282,Nasim Rojas,0324 664 632,iaculis@yahoo.edu,active,0001-01-01,9999-01-01,2024-01-11 16:30:22.175821
283,Shellie Robertson,0227 612 797,cursus.a@icloud.com,active,0001-01-01,2021-04-27,2024-01-11 16:30:22.175821
284,Nina Romero,0488 594 535,nec@hotmail.org,active,0001-01-01,9999-01-01,2024-01-11 16:30:22.175821
285,Quamar Michael,0745 796 453,ac.sem@hotmail.couk,active,0001-01-01,9999-01-01,2024-01-11 16:30:22.175821
286,Sandra Wong,0553 382 362,ultrices@aol.com,no longer with business,0001-01-01,9999-01-01,2024-01-11 16:30:22.175821
287,Winifred Greer,0758 385 733,imperdiet@yahoo.org,active,0001-01-01,9999-01-01,2024-01-11 16:30:22.175821
288,Malcolm Goodwin,0563 237 284,dui.cras.pellentesque@yahoo.org,no longer with business,0001-01-01,9999-01-01,2024-01-11 16:30:22.175821
289,Kibo Patton,0232 753 678,at@icloud.com,active,0001-01-01,9999-01-01,2024-01-11 16:30:22.175821
290,Tatum Haley,0573 915 333,est@yahoo.edu,active,0001-01-01,2022-07-07,2024-01-11 16:30:22.175821
291,Kennedy Figueroa,0646 374 843,magnis.dis@outlook.couk,no longer with business,0001-01-01,2021-05-27,2024-01-11 16:30:22.175821
292,Britanney Oneil,0736 676 167,aliquam.iaculis.lacus@icloud.edu,no longer with business,0001-01-01,2021-07-23,2024-01-11 16:30:22.175821
293,Kamal Hansen,0341 152 355,tristique@icloud.edu,active,0001-01-01,9999-01-01,2024-01-11 16:30:22.175821
294,Jennifer Walsh,0754 556 197,mauris@google.net,active,0001-01-01,9999-01-01,2024-01-11 16:30:22.175821
295,Hyatt George,0724 326 363,suspendisse@hotmail.edu,active,0001-01-01,2020-10-09,2024-01-11 16:30:22.175821
296,Ursa Cleveland,0788 322 593,lectus.quis@hotmail.com,active,0001-01-01,2020-02-20,2024-01-11 16:30:22.175821
297,Karyn Hewitt,0253 723 423,quis@protonmail.org,active,0001-01-01,9999-01-01,2024-01-11 16:30:22.175821
298,Aristotle Pennington,0354 346 678,aliquet.molestie.tellus@hotmail.edu,active,0001-01-01,9999-01-01,2024-01-11 16:30:22.175821
299,Haley Christian,0346 275 418,arcu.morbi.sit@protonmail.ca,active,0001-01-01,9999-01-01,2024-01-11 16:30:22.175821
300,Hayley Gould,0325 422 843,vel.vulputate@outlook.com,active,0001-01-01,9999-01-01,2024-01-11 16:30:22.175821
301,Talon Melendez,0762 538 712,euismod.et@hotmail.edu,active,0001-01-01,9999-01-01,2024-01-11 16:30:22.175821
302,Craig Walker,0936 657 365,eros.nam.consequat@icloud.com,active,0001-01-01,9999-01-01,2024-01-11 16:30:22.175821
303,Kennan Walker,0858 337 836,sed.molestie@yahoo.com,active,0001-01-01,9999-01-01,2024-01-11 16:30:22.175821
304,Charity Murphy,0844 547 985,nisi.dictum@hotmail.net,no longer with business,0001-01-01,9999-01-01,2024-01-11 16:30:22.175821
305,Christen Meyers,0773 887 376,bibendum.fermentum@yahoo.couk,no longer with business,0001-01-01,9999-01-01,2024-01-11 16:30:22.175821
306,Blossom Spears,0424 381 246,primis@aol.net,active,0001-01-01,9999-01-01,2024-01-11 16:30:22.175821
307,Colin Parsons,0265 786 784,ligula@yahoo.org,no longer with business,0001-01-01,9999-01-01,2024-01-11 16:30:22.175821
308,Maia Chen,0355 323 442,at.velit.cras@outlook.org,active,0001-01-01,9999-01-01,2024-01-11 16:30:22.175821
309,Upton Ford,0213 843 888,arcu.imperdiet@hotmail.ca,active,0001-01-01,2020-04-29,2024-01-11 16:30:22.175821
310,Dora Simon,0412 659 242,amet@protonmail.com,active,0001-01-01,9999-01-01,2024-01-11 16:30:22.175821
311,Yael Day,0359 522 374,tortor@google.org,active,0001-01-01,2021-04-18,2024-01-11 16:30:22.175821
312,Stella Nixon,0847 287 477,euismod.urna@outlook.org,active,0001-01-01,2020-07-21,2024-01-11 16:30:22.175821
313,Bruno Park,0551 344 673,integer@hotmail.edu,active,0001-01-01,9999-01-01,2024-01-11 16:30:22.175821
314,Lee Frederick,0648 368 645,sollicitudin@aol.ca,active,0001-01-01,2023-10-08,2024-01-11 16:30:22.175821
315,Sacha Terry,0548 772 135,suspendisse@protonmail.couk,no longer with business,0001-01-01,2022-12-15,2024-01-11 16:30:22.175821
316,Callie Monroe,0898 844 558,ut.molestie.in@protonmail.ca,active,0001-01-01,9999-01-01,2024-01-11 16:30:22.175821
317,Freya Hammond,0335 477 388,duis.a@hotmail.com,active,0001-01-01,9999-01-01,2024-01-11 16:30:22.175821
318,Chandler Wolf,0171 914 286,tristique.aliquet@yahoo.org,active,0001-01-01,9999-01-01,2024-01-11 16:30:22.175821
319,Nathan Wiggins,0753 436 356,a.purus@hotmail.net,no longer with business,0001-01-01,2020-08-20,2024-01-11 16:30:22.175821
320,Colby Compton,0145 681 524,tincidunt@aol.com,active,0001-01-01,9999-01-01,2024-01-11 16:30:22.175821
321,Raymond Walton,0927 547 436,ultricies.ornare@aol.edu,active,0001-01-01,9999-01-01,2024-01-11 16:30:22.175821
322,Jamal Holcomb,0814 137 323,semper@protonmail.ca,active,0001-01-01,2022-09-09,2024-01-11 16:30:22.175821
323,Patrick Macias,0836 247 897,lorem.ipsum.dolor@yahoo.couk,active,0001-01-01,9999-01-01,2024-01-11 16:30:22.175821
324,Sylvia Hill,0829 464 683,ultricies.adipiscing.enim@google.couk,active,0001-01-01,2021-07-18,2024-01-11 16:30:22.175821
325,Orlando Pugh,0777 812 783,et.magna.praesent@google.ca,active,0001-01-01,2021-05-11,2024-01-11 16:30:22.175821
326,Sigourney Wilson,0182 775 425,porttitor.eros@icloud.couk,active,0001-01-01,9999-01-01,2024-01-11 16:30:22.175821
327,Amy Benton,0344 276 425,tellus.non@aol.com,no longer with business,0001-01-01,9999-01-01,2024-01-11 16:30:22.175821
328,Jaquelyn Barlow,0825 647 275,placerat.eget@aol.ca,no longer with business,0001-01-01,9999-01-01,2024-01-11 16:30:22.175821
329,Garrett Holloway,0873 624 633,a.scelerisque@icloud.net,active,0001-01-01,2021-03-15,2024-01-11 16:30:22.175821
330,Rebekah Levy,0632 871 669,vulputate@hotmail.edu,active,0001-01-01,2021-07-28,2024-01-11 16:30:22.175821
331,Holmes Moon,0674 949 177,amet.risus.donec@hotmail.com,active,0001-01-01,9999-01-01,2024-01-11 16:30:22.175821
332,Tad Burt,0122 412 754,porttitor.eros.nec@protonmail.edu,active,0001-01-01,9999-01-01,2024-01-11 16:30:22.175821
333,Dara Valentine,0373 354 893,elit.pretium.et@yahoo.org,no longer with business,0001-01-01,9999-01-01,2024-01-11 16:30:22.175821
334,Gretchen Coffey,0732 744 865,magnis.dis@hotmail.com,active,0001-01-01,9999-01-01,2024-01-11 16:30:22.175821
335,Nora Stein,0419 253 344,penatibus.et@yahoo.couk,active,0001-01-01,9999-01-01,2024-01-11 16:30:22.175821
336,Aline Bean,0345 354 341,pellentesque@yahoo.org,active,0001-01-01,9999-01-01,2024-01-11 16:30:22.175821
337,Jane Rose,0993 848 477,velit@icloud.org,active,0001-01-01,9999-01-01,2024-01-11 16:30:22.175821
338,Lance Kirkland,0883 259 538,vulputate.mauris@google.org,active,0001-01-01,9999-01-01,2024-01-11 16:30:22.175821
339,Carlos Snider,0215 884 323,molestie.dapibus@yahoo.ca,no longer with business,0001-01-01,2023-02-22,2024-01-11 16:30:22.175821
340,Amelia Burch,0345 736 392,hendrerit.a@google.com,no longer with business,0001-01-01,9999-01-01,2024-01-11 16:30:22.175821
341,Cadman Rowe,0381 172 382,a.odio@icloud.couk,no longer with business,0001-01-01,2022-03-16,2024-01-11 16:30:22.175821
342,Constance Medina,0392 397 649,hendrerit.id@icloud.ca,active,0001-01-01,9999-01-01,2024-01-11 16:30:22.175821
343,Brock Roth,0669 243 644,aliquam.auctor@outlook.ca,active,0001-01-01,9999-01-01,2024-01-11 16:30:22.175821
344,Lael Battle,0543 477 478,turpis.in.condimentum@aol.couk,active,0001-01-01,9999-01-01,2024-01-11 16:30:22.175821
345,Nina Parks,0818 252 728,sit.amet@aol.ca,active,0001-01-01,9999-01-01,2024-01-11 16:30:22.175821
346,Yael Torres,0844 854 564,neque.venenatis@protonmail.ca,active,0001-01-01,9999-01-01,2024-01-11 16:30:22.175821
347,Hermione Cantrell,0589 424 642,convallis@outlook.edu,active,0001-01-01,9999-01-01,2024-01-11 16:30:22.175821
348,Idona Lester,0541 673 234,eget.odio@google.com,active,0001-01-01,2022-05-25,2024-01-11 16:30:22.175821
349,Darius Jacobs,0473 723 537,ac@outlook.couk,active,0001-01-01,9999-01-01,2024-01-11 16:30:22.175821
350,Harper Raymond,0654 662 222,hymenaeos.mauris@hotmail.edu,active,0001-01-01,9999-01-01,2024-01-11 16:30:22.175821
351,Drake Nunez,0621 494 426,vel.turpis@outlook.edu,active,0001-01-01,9999-01-01,2024-01-11 16:30:22.175821
352,Elijah Madden,0648 482 977,elit@aol.net,no longer with business,0001-01-01,2021-10-18,2024-01-11 16:30:22.175821
353,Chanda Hogan,0475 257 151,ante.blandit.viverra@aol.ca,active,0001-01-01,9999-01-01,2024-01-11 16:30:22.175821
354,Jena Bentley,0333 624 562,metus.facilisis@protonmail.com,active,0001-01-01,9999-01-01,2024-01-11 16:30:22.175821
355,Jemima Estrada,0377 922 336,nisl.nulla@yahoo.edu,active,0001-01-01,2023-11-30,2024-01-11 16:30:22.175821
356,Sage Lewis,0822 974 378,semper.et@yahoo.org,active,0001-01-01,2023-05-23,2024-01-11 16:30:22.175821
357,Marvin Gardner,0769 782 238,suspendisse.dui@aol.edu,active,0001-01-01,9999-01-01,2024-01-11 16:30:22.175821
358,Fiona Chaney,0746 732 251,amet.consectetuer@aol.edu,active,0001-01-01,2020-11-07,2024-01-11 16:30:22.175821
359,Teagan Sanford,0726 763 887,tellus.lorem@hotmail.org,no longer with business,0001-01-01,9999-01-01,2024-01-11 16:30:22.175821
360,Desirae Carr,0712 285 957,semper.erat.in@icloud.com,no longer with business,0001-01-01,9999-01-01,2024-01-11 16:30:22.175821
361,Callie Humphrey,0561 872 522,ac.arcu@icloud.org,active,0001-01-01,9999-01-01,2024-01-11 16:30:22.175821
362,Shelby Shaw,0616 327 537,pellentesque.tincidunt@google.couk,active,0001-01-01,9999-01-01,2024-01-11 16:30:22.175821
363,Charde Beasley,0272 652 786,interdum@outlook.org,active,0001-01-01,2020-08-10,2024-01-11 16:30:22.175821
364,Donna Villarreal,0691 374 352,id.nunc@outlook.org,active,0001-01-01,9999-01-01,2024-01-11 16:30:22.175821
365,Stephen Gillespie,0754 368 674,lobortis.class@protonmail.couk,active,0001-01-01,2023-01-23,2024-01-11 16:30:22.175821
366,Tashya Hinton,0474 843 958,cursus.nunc.mauris@hotmail.couk,active,0001-01-01,9999-01-01,2024-01-11 16:30:22.175821
367,Amir Dominguez,0275 259 443,eu.odio@google.couk,active,0001-01-01,9999-01-01,2024-01-11 16:30:22.175821
368,Celeste Moreno,0717 923 551,sodales.mauris@protonmail.ca,active,0001-01-01,9999-01-01,2024-01-11 16:30:22.175821
369,Yasir Guerra,0224 365 834,ullamcorper.duis@google.net,active,0001-01-01,2021-09-01,2024-01-11 16:30:22.175821
370,Logan Mcclure,0338 622 788,justo.faucibus@outlook.org,active,0001-01-01,9999-01-01,2024-01-11 16:30:22.175821
371,Clayton Harrell,0237 697 883,cursus.vestibulum@google.edu,active,0001-01-01,9999-01-01,2024-01-11 16:30:22.175821
372,Maia Carrillo,0337 382 398,non.luctus@google.com,active,0001-01-01,9999-01-01,2024-01-11 16:30:22.175821
373,Elton Delgado,0769 636 826,mattis.cras@icloud.ca,active,0001-01-01,9999-01-01,2024-01-11 16:30:22.175821
374,Adele Irwin,0151 959 348,ultrices.duis@aol.net,active,0001-01-01,9999-01-01,2024-01-11 16:30:22.175821
375,David Doyle,0573 153 664,netus.et.malesuada@icloud.com,active,0001-01-01,9999-01-01,2024-01-11 16:30:22.175821
376,Flynn Long,0359 422 798,donec.nibh@outlook.ca,active,0001-01-01,2022-11-30,2024-01-11 16:30:22.175821
377,Zahir Bush,0861 199 582,dapibus.rutrum@yahoo.net,active,0001-01-01,9999-01-01,2024-01-11 16:30:22.175821
378,Madison Le,0552 651 731,tempus@yahoo.com,active,0001-01-01,2020-03-07,2024-01-11 16:30:22.175821
379,Alec Gregory,0758 443 675,curae@yahoo.ca,active,0001-01-01,9999-01-01,2024-01-11 16:30:22.175821
380,Megan Foster,0576 621 542,lobortis@aol.couk,active,0001-01-01,9999-01-01,2024-01-11 16:30:22.175821
381,Marshall Woodard,0599 576 317,scelerisque.neque@outlook.edu,no longer with business,0001-01-01,2021-10-30,2024-01-11 16:30:22.175821
382,Camilla Tucker,0294 552 486,mauris.sit@google.edu,active,0001-01-01,9999-01-01,2024-01-11 16:30:22.175821
383,Mannix Livingston,0697 618 561,ipsum.leo@yahoo.ca,active,0001-01-01,2021-10-05,2024-01-11 16:30:22.175821
384,Kennan Stark,0655 478 244,posuere@yahoo.org,active,0001-01-01,9999-01-01,2024-01-11 16:30:22.175821
385,Priscilla Bright,0173 449 338,nisl.elementum.purus@google.net,no longer with business,0001-01-01,9999-01-01,2024-01-11 16:30:22.175821
386,Harlan Montgomery,0458 387 727,sed@icloud.ca,no longer with business,0001-01-01,2022-08-01,2024-01-11 16:30:22.175821
387,Maxwell Bryant,0117 642 477,lorem@icloud.couk,active,0001-01-01,9999-01-01,2024-01-11 16:30:22.175821
388,Blaze Lane,0557 774 766,aliquam@icloud.edu,active,0001-01-01,9999-01-01,2024-01-11 16:30:22.175821
389,Fitzgerald Zamora,0746 647 323,montes.nascetur.ridiculus@hotmail.org,no longer with business,0001-01-01,9999-01-01,2024-01-11 16:30:22.175821
390,Stephanie Smith,0789 646 645,nulla.eget@yahoo.org,no longer with business,0001-01-01,9999-01-01,2024-01-11 16:30:22.175821
391,Mira Shaw,0589 475 266,scelerisque.dui@icloud.ca,active,0001-01-01,9999-01-01,2024-01-11 16:30:22.175821
392,August Fox,0214 256 673,ornare@outlook.couk,active,0001-01-01,9999-01-01,2024-01-11 16:30:22.175821
393,Skyler Booth,0547 462 463,sapien.cras.dolor@outlook.couk,active,0001-01-01,2023-10-14,2024-01-11 16:30:22.175821
394,Victoria Love,0453 835 553,diam.at.pretium@hotmail.ca,active,0001-01-01,2023-12-14,2024-01-11 16:30:22.175821
395,Adele Gregory,0412 482 932,ligula@outlook.net,active,0001-01-01,9999-01-01,2024-01-11 16:30:22.175821
396,Maia Finch,0138 572 545,eget.metus.in@outlook.ca,active,0001-01-01,2021-08-23,2024-01-11 16:30:22.175821
397,Kiona Bush,0568 462 547,sem.magna.nec@protonmail.net,active,0001-01-01,2023-07-20,2024-01-11 16:30:22.175821
398,Tarik Morris,0454 887 453,faucibus@icloud.edu,active,0001-01-01,9999-01-01,2024-01-11 16:30:22.175821
399,Lila Ellis,0752 573 383,placerat@aol.couk,active,0001-01-01,9999-01-01,2024-01-11 16:30:22.175821
106,Armand Carney,0946 737 426,nec.luctus@outlook.org,active,2022-10-03,9999-01-01,2024-01-11 16:30:22.177377
276,Teagan Wolfe,0686 443 257,et.euismod@yahoo.edu,active,2021-12-22,9999-01-01,2024-01-11 16:30:22.177377
330,Louis Sweeney,0546 458 212,sollicitudin.commodo@icloud.ca,active,2021-07-28,9999-01-01,2024-01-11 16:30:22.177377
164,Jena Mosley,0346 987 662,convallis.in.cursus@protonmail.org,active,2022-10-09,9999-01-01,2024-01-11 16:30:22.177377
394,Montana Mullins,0383 977 887,convallis.convallis@icloud.ca,active,2023-12-14,9999-01-01,2024-01-11 16:30:22.177377
155,Pamela Harrison,0484 216 919,mauris@outlook.couk,no longer with business,2021-03-15,9999-01-01,2024-01-11 16:30:22.177377
66,Mechelle Snider,0362 343 477,magna@hotmail.com,active,2021-12-14,9999-01-01,2024-01-11 16:30:22.177377
157,Rhea Zamora,0451 453 689,sed@icloud.edu,active,2022-01-26,9999-01-01,2024-01-11 16:30:22.177377
291,Tasha Buckner,0335 545 164,turpis.nulla.aliquet@yahoo.net,active,2021-05-27,9999-01-01,2024-01-11 16:30:22.177377
33,Uta Mccall,0236 396 225,libero@aol.com,active,2020-04-25,9999-01-01,2024-01-11 16:30:22.177377
363,Gareth Moreno,0362 849 776,gravida@icloud.org,active,2020-08-10,9999-01-01,2024-01-11 16:30:22.177377
84,Ariana Blair,0558 478 738,et@aol.couk,active,2023-10-13,9999-01-01,2024-01-11 16:30:22.177377
43,Knox Puckett,0828 882 932,sapien@yahoo.couk,active,2022-01-20,9999-01-01,2024-01-11 16:30:22.177377
250,Libby Lewis,0645 482 154,suspendisse.eleifend@aol.net,active,2022-04-03,9999-01-01,2024-01-11 16:30:22.177377
213,Kaitlin Shepherd,0479 362 549,in.lorem@yahoo.couk,active,2021-09-06,9999-01-01,2024-01-11 16:30:22.177377
393,Boris Morrow,0844 743 525,nisl.maecenas@yahoo.edu,active,2023-10-14,9999-01-01,2024-01-11 16:30:22.177377
162,Anne Gray,0635 763 329,massa.mauris@outlook.com,active,2020-07-09,9999-01-01,2024-01-11 16:30:22.177377
319,Brooke Garrison,0167 244 293,quis@aol.edu,active,2020-08-20,9999-01-01,2024-01-11 16:30:22.177377
136,Brynn Holder,0139 979 876,orci@outlook.ca,active,2023-08-01,9999-01-01,2024-01-11 16:30:22.177377
186,George Pitts,0372 847 469,ac.turpis@protonmail.edu,no longer with business,2020-01-13,9999-01-01,2024-01-11 16:30:22.177377
61,Prescott Irwin,0841 953 774,nunc@hotmail.ca,active,2022-10-07,9999-01-01,2024-01-11 16:30:22.177377
16,Sasha Ramos,0445 297 584,molestie.tortor@aol.com,active,2021-01-16,9999-01-01,2024-01-11 16:30:22.177377
72,Martena Morrow,0772 794 457,viverra.donec@hotmail.couk,active,2022-03-07,9999-01-01,2024-01-11 16:30:22.177377
14,Jason Guzman,0255 345 688,enim.non@protonmail.edu,active,2023-07-29,9999-01-01,2024-01-11 16:30:22.177377
341,Melyssa Anthony,0137 253 383,vel@hotmail.couk,active,2022-03-16,9999-01-01,2024-01-11 16:30:22.177377
283,Madaline Wilson,0878 247 298,suspendisse.commodo@icloud.ca,active,2021-04-27,9999-01-01,2024-01-11 16:30:22.177377
312,Hedley Edwards,0767 652 463,tempus.mauris@aol.net,active,2020-07-21,9999-01-01,2024-01-11 16:30:22.177377
4,Nigel Barker,0847 332 587,amet@yahoo.com,active,2022-02-19,9999-01-01,2024-01-11 16:30:22.177377
292,Gemma Battle,0844 626 345,sem.elit.pharetra@protonmail.com,active,2021-07-23,9999-01-01,2024-01-11 16:30:22.177377
365,Aline Stanley,0713 163 554,nunc.sed@yahoo.couk,active,2023-01-23,9999-01-01,2024-01-11 16:30:22.177377
174,Blythe Bass,0144 827 266,odio@aol.net,active,2022-10-24,9999-01-01,2024-01-11 16:30:22.177377
13,Fletcher Espinoza,0634 563 776,justo@aol.ca,no longer with business,2022-01-13,9999-01-01,2024-01-11 16:30:22.177377
108,Reese Potter,0296 235 838,justo.nec@hotmail.ca,active,2020-09-19,9999-01-01,2024-01-11 16:30:22.177377
325,Jared Branch,0246 322 562,lectus@hotmail.ca,active,2021-05-11,9999-01-01,2024-01-11 16:30:22.177377
279,Eagan Garner,0521 964 845,feugiat.tellus.lorem@aol.com,active,2021-08-29,9999-01-01,2024-01-11 16:30:22.177377
94,Tucker Boone,0286 564 316,in@outlook.edu,active,2020-05-13,9999-01-01,2024-01-11 16:30:22.177377
1,Yolanda Richardson,0952 783 245,augue.scelerisque@google.com,active,2023-04-08,9999-01-01,2024-01-11 16:30:22.177377
32,Bree Herring,0276 475 742,sem.elit.pharetra@protonmail.ca,active,2022-10-27,9999-01-01,2024-01-11 16:30:22.177377
296,Kamal Spence,0767 765 872,vulputate.dui.nec@outlook.ca,active,2020-02-20,9999-01-01,2024-01-11 16:30:22.177377
204,Kaye Dominguez,0925 335 635,lorem.eu.metus@google.com,active,2021-12-22,9999-01-01,2024-01-11 16:30:22.177377
358,Hunter Mccarty,0327 267 683,consequat.dolor@outlook.couk,no longer with business,2020-11-07,9999-01-01,2024-01-11 16:30:22.177377
290,Odette Carson,0886 428 428,morbi.vehicula.pellentesque@protonmail.org,active,2022-07-07,9999-01-01,2024-01-11 16:30:22.177377
267,Bianca Kaufman,0697 864 429,molestie.sed@yahoo.org,active,2023-01-19,9999-01-01,2024-01-11 16:30:22.177377
127,Savannah Pierce,0346 246 756,class.aptent@aol.net,active,2020-08-04,9999-01-01,2024-01-11 16:30:22.177377
386,Vernon Pratt,0541 888 612,adipiscing.enim.mi@hotmail.com,active,2022-08-01,9999-01-01,2024-01-11 16:30:22.177377
152,Zachary Jennings,0379 236 825,in@google.ca,active,2023-01-13,9999-01-01,2024-01-11 16:30:22.177377
190,Keane Charles,0842 242 794,nibh.quisque.nonummy@protonmail.couk,no longer with business,2021-09-29,9999-01-01,2024-01-11 16:30:22.177377
27,Melanie Meadows,0567 884 654,sem@hotmail.ca,active,2021-11-04,9999-01-01,2024-01-11 16:30:22.177377
216,Calvin Adams,0434 575 716,ad.litora@google.org,active,2021-08-16,9999-01-01,2024-01-11 16:30:22.177377
169,Francis Livingston,0859 867 583,nec.enim@google.net,active,2023-05-14,9999-01-01,2024-01-11 16:30:22.177377
124,Donovan Herring,0745 567 343,dis.parturient@yahoo.net,active,2021-09-06,9999-01-01,2024-01-11 16:30:22.177377
268,Colette Strong,0999 727 235,nulla.eu.neque@icloud.net,active,2023-02-25,9999-01-01,2024-01-11 16:30:22.177377
383,Brynne Erickson,0536 485 385,dolor.elit@icloud.org,active,2021-10-05,9999-01-01,2024-01-11 16:30:22.177377
378,Marah Mooney,0627 449 572,pharetra@aol.org,active,2020-03-07,9999-01-01,2024-01-11 16:30:22.177377
356,Alea Mcdowell,0865 541 413,molestie.in.tempus@aol.net,active,2023-05-23,9999-01-01,2024-01-11 16:30:22.177377
89,Raymond Roach,0629 874 444,gravida.sagittis@yahoo.org,active,2022-09-22,9999-01-01,2024-01-11 16:30:22.177377
381,Juliet Carney,0933 436 267,vestibulum.massa.rutrum@protonmail.net,active,2021-10-30,9999-01-01,2024-01-11 16:30:22.177377
245,Quamar Little,0735 837 384,nunc.quisque@yahoo.edu,active,2022-07-02,9999-01-01,2024-01-11 16:30:22.177377
38,Hyatt Torres,0424 664 652,at.auctor@hotmail.couk,active,2023-01-04,9999-01-01,2024-01-11 16:30:22.177377
260,Medge Reed,0355 334 538,non.sollicitudin.a@icloud.org,active,2022-12-02,9999-01-01,2024-01-11 16:30:22.177377
119,Bruce Browning,0284 556 652,suspendisse@protonmail.edu,active,2021-02-16,9999-01-01,2024-01-11 16:30:22.177377
278,Karina Lloyd,0266 869 325,fusce.diam@icloud.ca,active,2023-09-02,9999-01-01,2024-01-11 16:30:22.177377
47,Ezekiel Barnes,0684 968 269,aliquam.nec@yahoo.org,no longer with business,2023-09-27,9999-01-01,2024-01-11 16:30:22.177377
295,Jeremy Booker,0676 595 735,eu.odio@hotmail.couk,no longer with business,2020-10-09,9999-01-01,2024-01-11 16:30:22.177377
138,Melissa Melendez,0277 734 895,vitae.diam@protonmail.couk,active,2020-11-19,9999-01-01,2024-01-11 16:30:22.177377
352,Elton Sutton,0458 285 229,ridiculus.mus@icloud.org,active,2021-10-18,9999-01-01,2024-01-11 16:30:22.177377
236,Kylan Flynn,0217 432 469,sapien@outlook.org,no longer with business,2022-04-14,9999-01-01,2024-01-11 16:30:22.177377
348,Dara Roach,0724 647 847,lacus.aliquam@icloud.com,active,2022-05-25,9999-01-01,2024-01-11 16:30:22.177377
311,Desiree Wilkins,0272 579 631,nisi.dictum@protonmail.com,active,2021-04-18,9999-01-01,2024-01-11 16:30:22.177377
324,Kennedy Douglas,0565 263 995,nunc@protonmail.edu,active,2021-07-18,9999-01-01,2024-01-11 16:30:22.177377
315,Madison Gilmore,0498 555 558,ut@hotmail.com,active,2022-12-15,9999-01-01,2024-01-11 16:30:22.177377
189,Oprah Nash,0587 682 236,velit.egestas@yahoo.ca,active,2023-05-30,9999-01-01,2024-01-11 16:30:22.177377
252,Fatima Sosa,0447 854 657,donec.dignissim@yahoo.edu,active,2022-09-15,9999-01-01,2024-01-11 16:30:22.177377
86,Elmo Spears,0747 367 626,massa@hotmail.com,no longer with business,2020-07-24,9999-01-01,2024-01-11 16:30:22.177377
396,Lucius Bolton,0776 178 273,quam@aol.org,active,2021-08-23,9999-01-01,2024-01-11 16:30:22.177377
62,Ava Lucas,0819 953 343,tempus@icloud.net,no longer with business,2021-08-15,9999-01-01,2024-01-11 16:30:22.177377
111,Shay Hutchinson,0245 152 171,non.lobortis.quis@protonmail.edu,active,2021-05-07,9999-01-01,2024-01-11 16:30:22.177377
264,George Contreras,0726 492 967,a.facilisis.non@icloud.edu,active,2022-03-10,9999-01-01,2024-01-11 16:30:22.177377
339,Britanney Mcclain,0718 937 481,dis@outlook.ca,no longer with business,2023-02-22,9999-01-01,2024-01-11 16:30:22.177377
397,Evangeline Pollard,0261 327 129,ridiculus.mus.aenean@outlook.net,active,2023-07-20,9999-01-01,2024-01-11 16:30:22.177377
234,George Baxter,0868 242 232,vitae.velit@google.org,active,2020-03-14,9999-01-01,2024-01-11 16:30:22.177377
329,Dexter Mccarthy,0758 662 289,ridiculus.mus.proin@google.couk,active,2021-03-15,9999-01-01,2024-01-11 16:30:22.177377
172,Tucker Johnson,0262 195 865,id.enim@protonmail.net,active,2021-05-31,9999-01-01,2024-01-11 16:30:22.177377
248,Jamal Pope,0264 836 441,erat.eget@aol.net,active,2020-02-07,9999-01-01,2024-01-11 16:30:22.177377
166,Tiger Hahn,0154 513 134,nunc@icloud.com,active,2022-11-04,9999-01-01,2024-01-11 16:30:22.177377
322,Claudia Sutton,0825 128 922,sem.semper.erat@google.org,no longer with business,2022-09-09,9999-01-01,2024-01-11 16:30:22.177377
215,Carter Larsen,0437 353 555,odio.a@outlook.com,active,2022-08-30,9999-01-01,2024-01-11 16:30:22.177377
107,Frances Spencer,0281 758 565,ornare.in@yahoo.org,active,2020-05-23,9999-01-01,2024-01-11 16:30:22.177377
12,Jerry Kirby,0427 867 333,nullam.enim@yahoo.com,active,2022-12-12,9999-01-01,2024-01-11 16:30:22.177377
133,Lana Goff,0278 551 565,gravida.sagittis.duis@aol.net,active,2021-11-24,9999-01-01,2024-01-11 16:30:22.177377
376,Barbara Fernandez,0317 836 564,parturient.montes.nascetur@hotmail.ca,active,2022-11-30,9999-01-01,2024-01-11 16:30:22.177377
309,Blake Lewis,0435 414 226,dolor.dapibus@icloud.ca,active,2020-04-29,9999-01-01,2024-01-11 16:30:22.177377
224,Arsenio Downs,0272 342 676,malesuada.fames@protonmail.net,active,2022-03-22,9999-01-01,2024-01-11 16:30:22.177377
355,Rachel Wolfe,0591 947 694,donec@hotmail.net,no longer with business,2023-11-30,9999-01-01,2024-01-11 16:30:22.177377
369,Ivan Atkinson,0237 295 295,dolor@hotmail.couk,active,2021-09-01,9999-01-01,2024-01-11 16:30:22.177377
265,Adam Maddox,0532 483 267,sit.amet.dapibus@icloud.ca,active,2021-03-05,9999-01-01,2024-01-11 16:30:22.177377
314,Uriel Fitzgerald,0923 492 443,mauris.ut@protonmail.org,active,2023-10-08,9999-01-01,2024-01-11 16:30:22.177377
280,Felicia Johns,0849 879 216,arcu@yahoo.com,active,2020-02-03,9999-01-01,2024-01-11 16:30:22.177377
256,Leroy Lamb,0927 522 442,mollis.vitae@outlook.org,active,2022-08-17,9999-01-01,2024-01-11 16:30:22.177377
68,Anika Michael,0747 962 762,ac.sem@hotmail.net,active,2023-01-26,9999-01-01,2024-01-11 16:30:22.177377
